Id,NumOfAgents,CompletionTime,MinReward,AvgReward,MaxReward,SDReward,MinAgentStep,AvgAgentStep,MaxAgentStep,SDAgentStep,MinDistTravelled,AvgDistTravelled,MaxDistTravelled,SDDistTravelled
4,8,374.18433,2,7.5,18,4.8218253804964775,1528,2146,2785,0,261.5361,346.1543,496.71994,75.367258232572325
2,8,6.41314,0,0,0,0,0,0,0,0,0,0,0,0,0
2,8,6.40809,0,0,0,0,0,0,0,0,0,0,0,0,0
2,8,6.39148,0,0,0,0,0,0,0,0,0,0,0,0,0
3,8,395.95276,0,4.875,12,4.6485884954467629,6,44,106,0,483.342957,518.878,571.4715,29.319235876707339,31
3,8,407.21614,0,4.5,12,3.9370039370059056,39,131,245,0,345.471039,503.230316,583.345947,72.83855977995826,63
2,8,6.39731,0,0,0,0,0,0,0,0,0,0,0,0,0
7,8,380.88403,0,5.5,10,3.4641016151377544,0,44,125,0,356.835724,409.831451,528.3859,62.355779633654841,28
2,8,6.44271,0,0,0,0,0,0,0,0,0,0,0,0,0
