Id,NumOfAgents,CompletionTime,MinReward,AvgReward,MaxReward,SDReward,MinAgentStep,AvgAgentStep,MaxAgentStep,SDAgentStep,MinDistTravelled,AvgDistTravelled,MaxDistTravelled,SDDistTravelled
4,8,374.18433,2,7.5,18,4.8218253804964775,1528,2146,2785,0,261.5361,346.1543,496.71994,75.367258232572325
2,8,6.53638,0,0,0,0,0,0,0,0,0,0,0,0
2,8,6.40037,0,0,0,0,0,0,0,0,0,0,0,0
2,8,6.42238,0,0,0,0,0,0,0,0,0,0,0,0
2,8,6.41147,0,0,0,0,0,0,0,0,0,0,0,0
2,8,536.62229,7,13.375,27,5.8296119081805093,18,44,73,0,385.330658,507.789673,602.444641,61.759795682315733
5,8,410.35199,9,14.25,27,5.80409338312195,60,87,124,0,363.2614,494.771973,580.2271,66.006934395246745
