Id,NumOfAgents,CompletionTime,MinReward,AvgReward,MaxReward,SDReward,MinAgentStep,AvgAgentStep,MaxAgentStep,SDAgentStep,MinDistTravelled,AvgDistTravelled,MaxDistTravelled,SDDistTravelled
2,4,1489.11102,5,14.75,22,6.1796035471541373,12,88,136,0,563.34436,574.9379,590.395569,9.8219114206252822
3,4,1591.06426,19,28.25,37,6.3786754110865367,59,177,263,0,584.4079,597.825867,605.9602,8.726254562937914
1,4,1552.46792,32,41.75,50,6.8693158320170431,166,265,349,0,580.4796,598.4176,619.545044,15.990474331991209
1,4,1521.92302,41,54.5,64,8.4409715080670669,203,353,456,0,583.2303,592.991455,608.7957,10.598755863891521
2,4,1608.76719,55,67,76,7.9686887252546139,271,441,572,0,607.9373,619.2281,641.2631,13.430855533530627
0,4,1443.56629,60,79.5,93,13.162446581088183,296,530,713,0,534.3616,554.391541,568.8494,14.019411823804866
0,4,1730.91709,79,92,104,10.319883720275147,472,618,774,0,642.8738,672.671265,690.465454,18.783371001174952
2,4,2.34452,0,0,0,0,0,0,0,0,0,0,0,0,False
2,4,2.35806,0,0,0,0,0,0,0,0,0,0,0,0,False
