Id,NumOfAgents,CompletionTime,MinReward,AvgReward,MaxReward,SDReward,MinAgentStep,AvgAgentStep,MaxAgentStep,SDAgentStep,MinDistTravelled,AvgDistTravelled,MaxDistTravelled,SDDistTravelled
4,8,381.8347,0,2.25,6,2.6809513236909019,2,43,144,0,456.475128,528.0358,557.251038,30.722579442284484
3,8,565.59637,8,14.625,23,4.8973845060399332,23,44,81,0,469.354523,533.4844,660.4223,56.428587643822276
3,8,613.00979,8,14,19,3.3911649915626341,18,43,79,0,626.488831,675.2474,774.3646,54.337854380410583
0,8,553.54748,9,13.875,19,3.179524335494226,8,43,88,0,535.019165,631.4297,715.846741,62.799697916149313
