Id,NumOfAgents,CompletionTime,MinReward,AvgReward,MaxReward,SDReward,MinAgentStep,AvgAgentStep,MaxAgentStep,SDAgentStep,MinDistTravelled,AvgDistTravelled,MaxDistTravelled,SDDistTravelled
2,7,510.87029,7,11.5714283,18,4.304719763805541,300,401,527,0,552.0023,626.6911,699.903259,49.98693501397441
2,7,480.79041,8,13.4285717,19,3.5398604838182584,892,1051,1149,0,489.483948,552.25116,664.8494,59.380126347017146
6,7,785.54428,8,21.2857151,36,8.5140939575722339,0,50,110,0,678.0485,777.814453,951.0131,90.397595545732628
