{"count":1,"self":8444.5528064,"total":47176.65549,"children":{"InitializeActuators":{"count":10267,"self":0.092225,"total":0.092225,"children":null},"InitializeSensors":{"count":10267,"self":2.705727,"total":2.705727,"children":null},"AgentSendState":{"count":37231519,"self":1341.4010879999998,"total":1801.086619,"children":{"CollectObservations":{"count":7446304,"self":12.141305599999999,"total":12.141306,"children":null},"WriteActionMask":{"count":7446304,"self":4.270008,"total":4.270008,"children":null},"RequestDecision":{"count":7446304,"self":23.7547824,"total":443.27419399999997,"children":{"AgentInfo.ToProto":{"count":7446304,"self":22.373681599999998,"total":419.519412,"children":{"GenerateSensorData":{"count":7446304,"self":397.14572799999996,"total":397.14572999999996,"children":null}}}}}}},"DecideAction":{"count":37231519,"self":36709.3284864,"total":36709.328805,"children":null},"AgentAct":{"count":37231519,"self":218.2289152,"total":218.304072,"children":{"AgentInfo.ToProto":{"count":1404,"self":0.004383,"total":0.075166,"children":{"GenerateSensorData":{"count":1404,"self":0.070783,"total":0.070783,"children":null}}}}},"AgentInfo.ToProto":{"count":10266,"self":0.038571999999999995,"total":0.581476,"children":{"GenerateSensorData":{"count":10266,"self":0.54290399999999994,"total":0.54290399999999994,"children":null}}}},"gauges":{"GridObjectCollector.CumulativeReward":{"count":1404,"max":34.00242,"min":-4.99982,"runningAverage":29.3928337,"value":34.0022774,"weightedAverage":33.69405}},"metadata":{"timer_format_version":"0.1.0","start_time_seconds":"1647883021","unity_version":"2021.2.16f1","command_line_arguments":"\/home\/hads\/Thesis-ObjectCollector\/exes\/scenario_A\/scenario_A.x86_64 -nographics -batchmode --mlagents-port 5005 -logFile \/home\/hads\/Thesis-ObjectCollector\/results\/scenario_A_lstm_ppo\/run_logs\/Player-0.log","communication_protocol_version":"1.5.0","com.unity.ml-agents_version":"2.2.1-exp.1","scene_name":"Scenario A","end_time_seconds":"1647930198"}}