{"count":1,"self":27419.6463616,"total":240860.40428729999,"children":{"InitializeActuators":{"count":16642,"self":0.0980398,"total":0.0980398,"children":null},"InitializeSensors":{"count":16642,"self":0.3745517,"total":1.3807886999999999,"children":{"CreateObservableSensors":{"count":16642,"self":1.006237,"total":1.006237,"children":null}}},"AgentSendState":{"count":140654908,"self":3443.458048,"total":5322.3698828999995,"children":{"CollectObservations":{"count":50000418,"self":514.5119232,"total":514.5118984,"children":null},"WriteActionMask":{"count":50000418,"self":28.117632,"total":28.117632699999998,"children":null},"RequestDecision":{"count":50000418,"self":81.7460928,"total":1336.2824054999999,"children":{"AgentInfo.ToProto":{"count":50000418,"self":137.3610496,"total":1254.5363098999999,"children":{"GenerateSensorData":{"count":50000418,"self":983.5373568,"total":1117.1752628,"children":{"RayPerceptionSensor.Perceive":{"count":50000418,"self":133.6378752,"total":133.6378815,"children":null}}}}}}}}},"DecideAction":{"count":140654908,"self":207137.2365824,"total":207137.23520199998,"children":null},"AgentAct":{"count":140654908,"self":979.07343359999993,"total":979.0733941,"children":null},"AgentInfo.ToProto":{"count":20568,"self":0.07560059999999999,"total":0.6006966,"children":{"GenerateSensorData":{"count":20568,"self":0.4637783,"total":0.525096,"children":{"RayPerceptionSensor.Perceive":{"count":20568,"self":0.061317699999999996,"total":0.061317699999999996,"children":null}}}}}},"gauges":{"UnlimitedCapacity.CumulativeReward":{"count":3928,"max":0,"min":0,"runningAverage":0,"value":0,"weightedAverage":0}},"metadata":{"timer_format_version":"0.1.0","start_time_seconds":"1651955395","unity_version":"2022.1.0b16","command_line_arguments":"I:\\Thesis-ObjectCollector\\exe-win\/ObjectCollector.exe -nographics -batchmode --mlagents-port 5001 -logFile I:\\Thesis-ObjectCollector\\results\\lstm-unlimited-small-2\\run_logs\\Player-0.log --mlagents-scene-name Problem_A_full_2 --max-capacity 40","communication_protocol_version":"1.5.0","com.unity.ml-agents_version":"2.2.1-exp.1","scene_name":"Problem_A_full_2","end_time_seconds":"1652196255"}}