{"count":1,"self":33795.1981568,"total":318041.9590168,"children":{"InitializeActuators":{"count":12712,"self":0.1168931,"total":0.1168931,"children":null},"InitializeSensors":{"count":12712,"self":0.3030232,"total":1.3938454,"children":{"CreateObservableSensors":{"count":12712,"self":1.0908221999999999,"total":1.0908221999999999,"children":null}}},"AgentSendState":{"count":185375544,"self":755.4294272,"total":2569.3198196,"children":{"CollectObservations":{"count":37075109,"self":719.8440448,"total":719.84403249999991,"children":null},"WriteActionMask":{"count":37075109,"self":25.9868448,"total":25.9868445,"children":null},"RequestDecision":{"count":37075109,"self":70.5177152,"total":1068.0595125,"children":{"AgentInfo.ToProto":{"count":37075109,"self":151.5251968,"total":997.5417944,"children":{"GenerateSensorData":{"count":37075109,"self":768.7404032,"total":846.0165913,"children":{"RayPerceptionSensor.Perceive":{"count":37075109,"self":77.2762048,"total":77.276203999999993,"children":null}}}}}}}}},"DecideAction":{"count":185375544,"self":280628.953088,"total":280628.9481068,"children":null},"AgentAct":{"count":185375544,"self":1046.5514495999998,"total":1046.551454,"children":null},"AgentInfo.ToProto":{"count":17026,"self":0.0734452,"total":0.43175549999999996,"children":{"GenerateSensorData":{"count":17026,"self":0.3173298,"total":0.35831029999999997,"children":{"RayPerceptionSensor.Perceive":{"count":17026,"self":0.040980499999999996,"total":0.040980499999999996,"children":null}}}}}},"gauges":{"UnlimitedCapacity.CumulativeReward":{"count":4315,"max":0,"min":0,"runningAverage":0,"value":0,"weightedAverage":0}},"metadata":{"timer_format_version":"0.1.0","start_time_seconds":"1651185163","unity_version":"2022.1.0b16","command_line_arguments":"I:\\Thesis-ObjectCollector\\exe-win\/ObjectCollector.exe -nographics -batchmode --mlagents-port 5000 -logFile I:\\Thesis-ObjectCollector\\results\\lstm\\run_logs\\Player-0.log --mlagents-scene-name Problem_A_full_test --max-capacity 40","communication_protocol_version":"1.5.0","com.unity.ml-agents_version":"2.2.1-exp.1","scene_name":"Problem_A_full_test","end_time_seconds":"1651503205"}}