{"count":1,"self":6718.5926144,"total":54698.227259499996,"children":{"InitializeActuators":{"count":7149,"self":0.039134999999999996,"total":0.039134999999999996,"children":null},"InitializeSensors":{"count":7149,"self":0.1453765,"total":0.5601261,"children":{"CreateObservableSensors":{"count":7149,"self":0.4147496,"total":0.4147496,"children":null}}},"AgentSendState":{"count":35937119,"self":925.5078911999999,"total":1368.6193002999998,"children":{"CollectObservations":{"count":13052613,"self":101.1888128,"total":101.18881499999999,"children":null},"WriteActionMask":{"count":13052613,"self":7.5281775999999994,"total":7.5281778999999993,"children":null},"RequestDecision":{"count":13052613,"self":21.5205776,"total":334.3944223,"children":{"AgentInfo.ToProto":{"count":13052613,"self":32.733264,"total":312.87384499999996,"children":{"GenerateSensorData":{"count":13052613,"self":245.789312,"total":280.1405812,"children":{"RayPerceptionSensor.Perceive":{"count":13052613,"self":34.3512608,"total":34.3512603,"children":null}}}}}}}}},"DecideAction":{"count":35937119,"self":46370.324479999996,"total":46370.325815799995,"children":null},"AgentAct":{"count":35937119,"self":239.87248639999999,"total":239.8724849,"children":null},"AgentInfo.ToProto":{"count":7378,"self":0.024980099999999998,"total":0.2172492,"children":{"GenerateSensorData":{"count":7378,"self":0.1717869,"total":0.1922691,"children":{"RayPerceptionSensor.Perceive":{"count":7378,"self":0.0204822,"total":0.0204822,"children":null}}}}}},"gauges":{"UnlimitedCapacity.CumulativeReward":{"count":231,"max":0,"min":0,"runningAverage":0,"value":0,"weightedAverage":0}},"metadata":{"timer_format_version":"0.1.0","start_time_seconds":"1652566087","unity_version":"2022.1.0b16","command_line_arguments":"I:\\Thesis-ObjectCollector\\exe-win\/ObjectCollector.exe -nographics -batchmode --mlagents-port 5001 -logFile I:\\Thesis-ObjectCollector\\results\\lstm-unlimited-medium-2-2\\run_logs\\Player-0.log --mlagents-scene-name Problem_A_full_2 --max-capacity 40","communication_protocol_version":"1.5.0","com.unity.ml-agents_version":"2.2.1-exp.1","scene_name":"Problem_A_full_2","end_time_seconds":"1652620785"}}