{"count":1,"self":21065.2626944,"total":178997.598424,"children":{"InitializeActuators":{"count":1705,"self":0.0194925,"total":0.0194925,"children":null},"InitializeSensors":{"count":1705,"self":0.0653897,"total":0.19655019999999998,"children":{"CreateObservableSensors":{"count":1705,"self":0.13116049999999999,"total":0.13116049999999999,"children":null}}},"AgentSendState":{"count":111966640,"self":1867.3115136,"total":2994.7572536,"children":{"CollectObservations":{"count":22393328,"self":401.38073599999996,"total":401.3807258,"children":null},"WriteActionMask":{"count":22393328,"self":16.1198416,"total":16.119842,"children":null},"RequestDecision":{"count":22393328,"self":45.5798912,"total":709.9451497,"children":{"AgentInfo.ToProto":{"count":22393328,"self":86.377952,"total":664.36525699999993,"children":{"GenerateSensorData":{"count":22393328,"self":509.84775679999996,"total":577.9873049,"children":{"RayPerceptionSensor.Perceive":{"count":22393328,"self":68.1395584,"total":68.1395561,"children":null}}}}}}}}},"DecideAction":{"count":111966640,"self":154330.5560064,"total":154330.556328,"children":null},"AgentAct":{"count":111966640,"self":606.66239999999993,"total":606.66239739999992,"children":null},"AgentInfo.ToProto":{"count":4909,"self":0.0244896,"total":0.1424638,"children":{"GenerateSensorData":{"count":4909,"self":0.10450469999999999,"total":0.1179742,"children":{"RayPerceptionSensor.Perceive":{"count":4909,"self":0.013469499999999999,"total":0.013469499999999999,"children":null}}}}}},"gauges":{"UnlimitedCapacity.CumulativeReward":{"count":3205,"max":0,"min":0,"runningAverage":0,"value":0,"weightedAverage":0}},"metadata":{"timer_format_version":"0.1.0","start_time_seconds":"1651941034","unity_version":"2022.1.0b16","command_line_arguments":"I:\\Thesis-ObjectCollector\\exe-win\/ObjectCollector.exe -nographics -batchmode --mlagents-port 5000 -logFile I:\\Thesis-ObjectCollector\\results\\lstm-unlimited-small\\run_logs\\Player-0.log --mlagents-scene-name Problem_A_full_1 --max-capacity 40","communication_protocol_version":"1.5.0","com.unity.ml-agents_version":"2.2.1-exp.1","scene_name":"Problem_A_full_1","end_time_seconds":"1652120031"}}