{"count":1,"self":701.64096,"total":733.7999934,"children":{"InitializeActuators":{"count":1,"self":0.0043852,"total":0.0043852,"children":null},"InitializeSensors":{"count":1,"self":0.0059866999999999993,"total":0.0059866999999999993,"children":null},"AgentSendState":{"count":36435,"self":2.9829711999999997,"total":30.982403299999998,"children":{"GridSensor.Update":{"count":7287,"self":25.6106208,"total":25.610620899999997,"children":null},"CollectObservations":{"count":7287,"self":0.0370642,"total":0.0370642,"children":null},"WriteActionMask":{"count":7287,"self":0.030299399999999997,"total":0.030299399999999997,"children":null},"RequestDecision":{"count":7287,"self":0.98862529999999993,"total":2.3214476,"children":{"GridSensor.GetCompressedObservation":{"count":7287,"self":1.3328223,"total":1.3328223,"children":null}}}}},"DecideAction":{"count":36435,"self":0.29705919999999997,"total":0.29705919999999997,"children":null},"AgentAct":{"count":36435,"self":0.84363539999999992,"total":0.8682514,"children":{"GridSensor.Update":{"count":7,"self":0.0226204,"total":0.0226204,"children":null},"GridSensor.GetCompressedObservation":{"count":7,"self":0.0019955999999999997,"total":0.0019955999999999997,"children":null}}}},"gauges":{"GridObjectCollector.CumulativeReward":{"count":7,"max":8.99933,"min":-4.99982,"runningAverage":-2.857094,"value":-4.99982,"weightedAverage":-3.99133754}},"metadata":{"timer_format_version":"0.1.0","start_time_seconds":"1647006927","unity_version":"2021.2.14f1","command_line_arguments":"C:\\Program Files\\Unity\\Hub\\Editor\\2021.2.14f1\\Editor\\Unity.exe -projectpath D:\\Thesis-ObjectCollector -useHub -hubIPC -cloudEnvironment production -licensingIpc LicenseClient-hadis -hubSessionId 69d1e5d0-9e18-11ec-8d0c-c15fe7377521 -accessToken HPcjONomwjKspNFsYDn-TlXzSV7GeATq9O6dNwTXCUw005f","communication_protocol_version":"1.5.0","com.unity.ml-agents_version":"2.2.1-exp.1","scene_name":"GlobalAllObjectCollector","end_time_seconds":"1647007661"}}