{"count":1,"self":100.31985279999999,"total":108.67550039999999,"children":{"InitializeActuators":{"count":1,"self":0.0014984,"total":0.0014984,"children":null},"InitializeSensors":{"count":1,"self":0.011002099999999999,"total":0.015501699999999998,"children":{"CreateObservableSensors":{"count":1,"self":0.0044995999999999994,"total":0.0044995999999999994,"children":null}}},"CreateObservableSensors":{"count":4,"self":0.0010026,"total":0.0010026,"children":null},"AgentSendState":{"count":5155,"self":0.42436369999999995,"total":0.6703482,"children":{"CollectObservations":{"count":1031,"self":0.029495399999999998,"total":0.029495399999999998,"children":null},"WriteActionMask":{"count":1031,"self":0.0014962999999999999,"total":0.0014962999999999999,"children":null},"RequestDecision":{"count":1031,"self":0.21499279999999998,"total":0.21499279999999998,"children":null}}},"DecideAction":{"count":5155,"self":7.5747192,"total":7.5861889,"children":{"RayPerceptionSensor.Perceive":{"count":1031,"self":0.01147,"total":0.01147,"children":null}}},"AgentAct":{"count":5155,"self":0.080607,"total":0.080607,"children":null}},"gauges":{},"metadata":{"timer_format_version":"0.1.0","start_time_seconds":"1650529488","unity_version":"2022.1.0b16","command_line_arguments":"C:\\Program Files\\Unity\\Hub\\Editor\\2022.1.0b16\\Editor\\Unity.exe -projectpath I:\\Thesis-ObjectCollector -useHub -hubIPC -cloudEnvironment production -licensingIpc LicenseClient-hadis -hubSessionId 7ab4abc0-bf5c-11ec-bbb1-c3b39815862e -accessToken o1ls-AZMQ3KPAhjMqGxEz4g_FjiKEkpZNSzd5-h2joA005f","communication_protocol_version":"1.5.0","com.unity.ml-agents_version":"2.2.1-exp.1","scene_name":"Problem_A_full_1","end_time_seconds":"1650529597"}}