{"count":1,"self":7.3864959999999993,"total":20.9839994,"children":{"InitializeActuators":{"count":5,"self":0.0010006,"total":0.0010006,"children":null},"InitializeSensors":{"count":5,"self":0.012998899999999999,"total":0.012998899999999999,"children":null},"AgentSendState":{"count":110,"self":0.0714947,"total":13.577000499999999,"children":{"CollectObservations":{"count":110,"self":13.4985024,"total":13.498503,"children":null},"WriteActionMask":{"count":110,"self":0.0005004,"total":0.0005004,"children":null},"RequestDecision":{"count":110,"self":0.0065023999999999993,"total":0.0065023999999999993,"children":null}}},"DecideAction":{"count":110,"self":0.0014984999999999998,"total":0.0014984999999999998,"children":null},"AgentAct":{"count":110,"self":0.0045046999999999995,"total":0.0045046999999999995,"children":null}},"gauges":{},"metadata":{"timer_format_version":"0.1.0","start_time_seconds":"1649075899","unity_version":"2022.1.0b14","command_line_arguments":"C:\\Program Files\\Unity\\Hub\\Editor\\2022.1.0b14\\Editor\\Unity.exe -projectpath I:\\Thesis-ObjectCollector -useHub -hubIPC -cloudEnvironment production -licensingIpc LicenseClient-hadis -hubSessionId 7922d860-b3fc-11ec-b162-b53614728631 -accessToken RFBi2cKKmsPfVFEtHe60yHFLJzM1cVZuMylxXo3-ndU005f","communication_protocol_version":"1.5.0","com.unity.ml-agents_version":"2.2.1-exp.1","scene_name":"Problem_A_full_5","end_time_seconds":"1649075919"}}