{"count":1,"self":67.486623999999992,"total":67.8466357,"children":{"InitializeActuators":{"count":1,"self":0.0015003999999999998,"total":0.0015003999999999998,"children":null},"InitializeSensors":{"count":1,"self":0.0035017,"total":0.0055016,"children":{"CreateObservableSensors":{"count":1,"self":0.0019998999999999998,"total":0.0019998999999999998,"children":null}}},"AgentSendState":{"count":3169,"self":0.085755,"total":0.27807889999999996,"children":{"CollectObservations":{"count":634,"self":0.17581429999999998,"total":0.17581429999999998,"children":null},"WriteActionMask":{"count":634,"self":0.001498,"total":0.001498,"children":null},"RequestDecision":{"count":634,"self":0.0115076,"total":0.0150116,"children":{"RayPerceptionSensor.Perceive":{"count":634,"self":0.0035039999999999997,"total":0.0035039999999999997,"children":null}}}}},"DecideAction":{"count":3169,"self":0.019495699999999998,"total":0.019495699999999998,"children":null},"AgentAct":{"count":3169,"self":0.054936,"total":0.054936,"children":null}},"gauges":{},"metadata":{"timer_format_version":"0.1.0","start_time_seconds":"1653147528","unity_version":"2021.3.3f1","command_line_arguments":"C:\\Program Files\\Unity\\Hub\\Editor\\2021.3.3f1\\Editor\\Unity.exe -rebuildlibrary -cloudEnvironment production -projectpath I:\\Thesis-ObjectCollector","communication_protocol_version":"1.5.0","com.unity.ml-agents_version":"2.2.1-exp.1","scene_name":"Problem_A_explorative_2","end_time_seconds":"1653147596"}}