{"count":1,"self":72.071711999999991,"total":72.7033658,"children":{"InitializeActuators":{"count":15,"self":0.0010031999999999999,"total":0.0010031999999999999,"children":null},"InitializeSensors":{"count":15,"self":0.016004499999999998,"total":0.016004499999999998,"children":null},"AgentSendState":{"count":3378,"self":0.3803087,"total":0.49399519999999997,"children":{"CollectObservations":{"count":1534,"self":0.0124899,"total":0.0124899,"children":null},"WriteActionMask":{"count":1534,"self":0.0036168999999999997,"total":0.0036168999999999997,"children":null},"RequestDecision":{"count":1534,"self":0.097579699999999991,"total":0.097579699999999991,"children":null}}},"DecideAction":{"count":3378,"self":0.0334901,"total":0.0334901,"children":null},"AgentAct":{"count":3378,"self":0.086662,"total":0.086662,"children":null}},"gauges":{},"metadata":{"timer_format_version":"0.1.0","start_time_seconds":"1649063788","unity_version":"2022.1.0b14","command_line_arguments":"C:\\Program Files\\Unity\\Hub\\Editor\\2022.1.0b14\\Editor\\Unity.exe -projectpath I:\\Thesis-ObjectCollector -useHub -hubIPC -cloudEnvironment production -licensingIpc LicenseClient-hadis -hubSessionId 2dede220-b282-11ec-8364-e7439a1c21df -accessToken RFBi2cKKmsPfVFEtHe60yHFLJzM1cVZuMylxXo3-ndU005f","communication_protocol_version":"1.5.0","com.unity.ml-agents_version":"2.2.1-exp.1","scene_name":"Problem_A_full_3","end_time_seconds":"1649063860"}}