Id,NumOfAgents,CompletionTime,MinReward,AvgReward,MaxReward,SDReward,MinAgentStep,AvgAgentStep,MaxAgentStep,SDAgentStep,MinDistTravelled,AvgDistTravelled,MaxDistTravelled,SDDistTravelled,TotalShares
0,10,478.03166,1,8.3,23,6.35688603012513,1,35,96,0,323.526337,347.2136,382.924469,18.353705363385373,38
9,10,457.54283,0,7.1,20,6.90579466824782,13,70,195,0,279.0664,329.9819,347.154633,18.879776172324931,74
1,10,703.87375,3,8.5,18,4.4553338819890929,32,105,227,0,273.101166,359.09726,494.577667,64.753181479574877,104
8,10,682.89024,0,7.7,14,4.1243181254602606,38,141,284,0,273.699341,332.1827,514.9326,63.497645847767679,137
