{"count":1,"self":23642.2217728,"total":150239.987169,"children":{"InitializeActuators":{"count":6211,"self":0.058593,"total":0.058593,"children":null},"InitializeSensors":{"count":6211,"self":1.7228299999999999,"total":1.7228299999999999,"children":null},"AgentSendState":{"count":100000106,"self":5001.920512,"total":6913.441776,"children":{"CollectObservations":{"count":20000022,"self":46.446275199999995,"total":46.446273999999995,"children":null},"WriteActionMask":{"count":20000022,"self":13.339596799999999,"total":13.339597,"children":null},"RequestDecision":{"count":20000022,"self":67.3148224,"total":1851.735403,"children":{"AgentInfo.ToProto":{"count":20000022,"self":63.896550399999995,"total":1784.4205829999999,"children":{"GenerateSensorData":{"count":20000022,"self":1720.5239808,"total":1720.524031,"children":null}}}}}}},"DecideAction":{"count":100000106,"self":119171.97312,"total":119171.978116,"children":null},"AgentAct":{"count":100000106,"self":508.9387008,"total":509.928729,"children":{"AgentInfo.ToProto":{"count":11333,"self":0.050040999999999995,"total":0.990004,"children":{"GenerateSensorData":{"count":11333,"self":0.939963,"total":0.939963,"children":null}}}}},"AgentInfo.ToProto":{"count":6210,"self":0.026213999999999998,"total":0.633339,"children":{"GenerateSensorData":{"count":6210,"self":0.607125,"total":0.607125,"children":null}}}},"gauges":{"GridObjectCollector.CumulativeReward":{"count":11333,"max":35.5627632,"min":-5.99974775,"runningAverage":31.0034065,"value":34.56231,"weightedAverage":32.6945572}},"metadata":{"timer_format_version":"0.1.0","start_time_seconds":"1648732072","unity_version":"2022.1.0b14","command_line_arguments":"\/home\/hads\/Thesis-ObjectCollector\/exes\/scenario_C\/scenario_C.x86_64 -nographics -batchmode --mlagents-port 5005 -logFile \/home\/hads\/Thesis-ObjectCollector\/results\/scenario_C_lstm_ppo\/run_logs\/Player-0.log","communication_protocol_version":"1.5.0","com.unity.ml-agents_version":"2.2.1-exp.1","scene_name":"Scenario C","end_time_seconds":"1648882309"}}